"URL","Number of out links"
"https://www.reddit.com/","74"
"https://www.reddit.com/login/?dest=https%3A%2F%2Fwww.reddit.com%2F","4"
"https://www.reddit.com/register/?dest=https%3A%2F%2Fwww.reddit.com%2F","6"
"https://www.reddit.com/hot/","74"
"https://www.reddit.com/new/","74"
"https://www.reddit.com/top/","76"
"https://www.reddit.com/rising/","73"
"https://www.reddit.com/r/AskMen/","66"
"https://www.reddit.com/r/AskMen/comments/f5tvk3/would_you_get_offended_if_you_notice_a_stranger/","50"
"https://www.reddit.com/r/AskReddit/","86"
