"URL"                                                                                                                                   ,"Number of out links"
"https://www.reddit.com/"                                                                                                               ,"82"
"https://www.reddit.com/login/?dest=https%3A%2F%2Fwww.reddit.com%2F"                                                                    ,"4"
"https://www.reddit.com/register/?dest=https%3A%2F%2Fwww.reddit.com%2F"                                                                 ,"6"
"https://www.reddit.com/hot/"                                                                                                           ,"82"
"https://www.reddit.com/new/"                                                                                                           ,"77"
"https://www.reddit.com/top/"                                                                                                           ,"72"
"https://www.reddit.com/rising/"                                                                                                        ,"135"
"https://www.reddit.com/r/AskReddit/"                                                                                                   ,"88"
"https://www.reddit.com/r/AskReddit/comments/fbdgi5/what_should_teenagers_these_days_really_start/"                                     ,"49"
"https://www.reddit.com/r/news/"                                                                                                        ,"79"
"https://www.reddit.com/r/news/comments/fbhdvy/first_covid19_death_in_the_us_happens_in/"                                               ,"54"
"https://www.nbcnews.com/news/us-news/1st-coronavirus-death-u-s-officials-say-n1145931"                                                 ,"120"
"https://www.reddit.com/r/worldnews/"                                                                                                   ,"128"
"https://www.reddit.com/r/worldnews/comments/fbbwv3/a_ustaliban_agreement_to_be_signed_shortly_will/"                                   ,"53"
"https://www.bbc.com/news/world-asia-51689443"                                                                                          ,"188"
"https://www.reddit.com/r/politics/"                                                                                                    ,"97"
"https://www.reddit.com/r/politics/comments/fbbisx/superdelegate_pushing_convention_effort_to_stop/"                                    ,"58"
"https://www.salon.com/2020/02/29/superdelegate-pushing-convention-effort-to-stop-sanders-is-health-care-lobbyist-who-backed-mcconnell/","77"
"https://www.reddit.com/r/soccer/"                                                                                                      ,"105"
"https://www.reddit.com/r/soccer/comments/fbhlw7/postmatch_thread_watford_3_0_liverpool_english/"                                       ,"57"
"https://www.reddit.com/r/soccer/?f=flair_name%3A%22Post%20Match%20Thread%22"                                                           ,"617"
"https://www.reddit.com/r/soccer/comments/fbfwah/match_thread_watford_vs_liverpool_english_premier/#bar-3-white"                        ,"77"
"http://www.reddit-stream.com/comments/fbfwah"                                                                                          ,"26"
"http://www.espn.com/soccer/match?gameId=541570"                                                                                        ,"129"
"https://www.reddit.com/r/soccer/comments/fbgzvs/watford_10_liverpool_sarr_54/"                                                         ,"54"
"https://www.reddit.com/r/soccer/comments/fbh3b9/watford_20_liverpool_sarr_60/"                                                         ,"52"
"https://www.reddit.com/r/soccer/comments/fbha4d/watford_30_liverpool_troy_deeney_72/"                                                  ,"55"
"https://www.reddit.com/r/whatisthisthing/"                                                                                             ,"89"
"https://www.reddit.com/r/whatisthisthing/comments/fb7c3t/went_to_get_a_6_pack_ran_into_a_friend_his_super/"                            ,"59"
"https://www.reddit.com/r/whatisthisthing/?f=flair_name%3A%22Solved!%22"                                                                ,"78"
"https://www.reddit.com/r/AskMen/"                                                                                                      ,"68"
"https://www.reddit.com/r/AskMen/comments/fba8ej/how_does_sex_with_and_without_condom_differ/"                                          ,"6"
"https://www.reddit.com/r/AskMen/?f=flair_name%3A%22We're%20All%20Virgins%22"                                                           ,"64"
"https://www.reddit.com/subreddits/leaderboard/up-and-coming"                                                                           ,"80"
"https://www.reddit.com/subreddits/leaderboard/sports/"                                                                                 ,"104"
"https://www.reddit.com/subreddits/leaderboard/news/"                                                                                   ,"91"
"https://www.reddit.com/subreddits/leaderboard/gaming/"                                                                                 ,"105"
"https://www.reddit.com/subreddits/leaderboard/aww/"                                                                                    ,"105"
"https://www.reddit.com/r/lotrmemes/"                                                                                                   ,"90"
"https://www.reddit.com/r/vegansnacks/"                                                                                                 ,"97"
"https://www.reddit.com/r/deepseacreatures/"                                                                                            ,"78"
"https://www.reddit.com/r/Animalsthatlovemagic/"                                                                                        ,"89"
"https://www.reddit.com/r/photoshopbattles/"                                                                                            ,"95"
"https://www.reddithelp.com"                                                                                                            ,"73"
"https://www.reddit.com/mobile/download"                                                                                                ,"12"
"https://www.reddit.com/coins"                                                                                                          ,"20"
"https://www.reddit.com/premium"                                                                                                        ,"21"
"http://redditgifts.com/"                                                                                                               ,"20"
"https://www.reddit.com/subreddits/a-1/"                                                                                                ,"1584"
"https://www.reddit.com/posts/a-1/"                                                                                                     ,"2483"
"https://www.reddit.com/topics/a-1/"                                                                                                    ,"50"
"https://about.reddit.com"                                                                                                              ,"55"
"https://about.reddit.com/careers/"                                                                                                     ,"48"
"https://about.reddit.com/press/"                                                                                                       ,"87"
"https://www.redditinc.com/advertising"                                                                                                 ,"61"
"https://www.redditinc.com/policies/user-agreement"                                                                                     ,"80"
"https://www.redditinc.com/policies/content-policy"                                                                                     ,"59"
"https://www.reddit.com/help/privacypolicy"                                                                                             ,"79"
"https://www.reddit.com/help/healthycommunities/"                                                                                       ,"48"
"https://www.reddit.com/username?dest=https%3A%2F%2Fwww.reddit.com%2F"                                                                  ,"3"
"https://www.reddit.com/password?dest=https%3A%2F%2Fwww.reddit.com%2F"                                                                  ,"4"
"https://www.reddithelp.com/en/categories/using-reddit/your-reddit-account/how-set-two-factor-authentication"                           ,"57"
"https://www.reddit.com/help/useragreement"                                                                                             ,"80"
"https://www.reddit.com/help/privacypolicy/"                                                                                            ,"79"
"https://www.reddit.com/help/contentpolicy/"                                                                                            ,"59"
"https://www.reddit.com/register/?dest=https%3A%2F%2Fwww.reddit.com%2F#"                                                                ,"6"
"https://www.reddit.com/login/?dest=https%3A%2F%2Fwww.reddit.com%2Fhot%2F"                                                              ,"4"
"https://www.reddit.com/register/?dest=https%3A%2F%2Fwww.reddit.com%2Fhot%2F"                                                           ,"6"
"https://www.reddit.com/login/?dest=https%3A%2F%2Fwww.reddit.com%2Fnew%2F"                                                              ,"4"
"https://www.reddit.com/register/?dest=https%3A%2F%2Fwww.reddit.com%2Fnew%2F"                                                           ,"6"
"https://www.reddit.com/r/MayaJama/"                                                                                                    ,"74"
"https://www.reddit.com/r/MayaJama/comments/fbjnhj/radiant/"                                                                            ,"28"
"https://www.reddit.com/r/crashteamracing/"                                                                                             ,"107"
"https://www.reddit.com/r/crashteamracing/comments/fbjnhi/ive_joined_the_elitist_group_deep_sea_driving_and/"                           ,"26"
"https://www.reddit.com/r/airsoft/"                                                                                                     ,"76"
"https://www.reddit.com/r/airsoft/comments/fbjnhg/lost_this_screw_on_my_we_hi_capa_where_can_i_fine/"                                   ,"28"
"https://www.reddit.com/r/skiing/"                                                                                                      ,"81"
"https://www.reddit.com/r/skiing/comments/fbjnhe/a_good_day_on_the_slopes_you_will_have_beaver/"                                        ,"27"
"https://www.reddit.com/r/WayOfTheBern/"                                                                                                ,"201"
"https://www.reddit.com/r/WayOfTheBern/comments/fbjnh8/nowthisnews_the_only_time_religious_freedom_is/"                                 ,"27"
"https://twitter.com/nowthisnews/status/1233395932072480768"                                                                            ,"152"
"https://www.reddit.com/r/earthbound/"                                                                                                  ,"87"
"https://www.reddit.com/r/earthbound/comments/fbjnh6/in_the_room_in_the_wario_land_4_soundfont/"                                        ,"29"
"https://www.reddit.com/r/earthbound/?f=flair_name%3A%22Fluff%22"                                                                       ,"80"
"https://soundcloud.com/xander-martn/wario-land-4-ust-item-shop-in-the-room"                                                            ,"17"
"https://www.reddit.com/r/ProductManagement/"                                                                                           ,"66"
"https://www.reddit.com/r/ProductManagement/comments/fbjnh2/interview_case_study_on_a_product_youve_never_used/"                        ,"28"
"https://www.reddit.com/r/ProductManagement/?f=flair_name%3A%22read%20rules%22"                                                         ,"43"
"https://www.reddit.com/login/?dest=https%3A%2F%2Fwww.reddit.com%2Ftop%2F"                                                              ,"4"
"https://www.reddit.com/register/?dest=https%3A%2F%2Fwww.reddit.com%2Ftop%2F"                                                           ,"6"
"https://www.reddit.com/r/pics/"                                                                                                        ,"92"
"https://www.reddit.com/r/pics/comments/fb5lk5/elderly_woman_born_on_feb_29_1920_celebrates_her/"                                       ,"52"
"https://www.reddit.com/r/aww/"                                                                                                         ,"82"
"https://www.reddit.com/r/aww/comments/fb3gu7/happiness_is_different_for_everyone/"                                                     ,"51"
"https://www.reddit.com/r/BlackPeopleTwitter/"                                                                                          ,"87"
"https://www.reddit.com/r/BlackPeopleTwitter/comments/fb3mq8/that_feeling_when_you_leave_work/"                                         ,"60"
"https://www.reddit.com/r/memes/"                                                                                                       ,"81"
